manager,title,user
nakakura,cocos2dで作るiPhone&iPadゲームプログラミング,
nakakura,AndroidAPIプログラミングリファレンス,
nakakura,AmazonWebServicesクラウドデザインパターン実装編,
nakakura,WordPressの教科書,
nakakura,HeadFirstオブジェクト指向分析設計,
nakakura,CodeComplete第2版上,
nakakura,CodeComplete第2版下,
nakakura,FirefoxOSアプリ開発ガイド,
nakakura,iOSプログラミング第2版,
nakakura,RubyOnRails3アプリケーションプログラミング,
nakakura,Slackゆとりの法則,
yuuki.nkhr,アルゴリズム設計マニュアル上,
nakakura,jQueryで作るAjaxアプリケーション,
nakakura,NumericalRecipesInC,
yuuki.nkhr,Bootstrap3実用ガイド,
nakakura,魅せるiPhoneサイト,
yuuki.nkhr,独習Linux専科　サーバ構築運用管理,
nakakura,AndroidのためのHTML5本格アプリ開発,
yuuki.nkhr,バッドデータハンドブック,
nakakura,PHP5技術者認定初級試験合格教本1,
yuuki.nkhr,CakePHPで学ぶ継続的インテグレーション,
yuuki.nkhr,技術英文の書き方55のルール,
nakakura,使って学ぶIPv6,
yuuki.nkhr,強いチームはオフィスを捨てる,
nakakura,.NETのクラスライブラリ設計,
nakakura,LifeDesignGuidebook,
nakakura,符号理論-宮川洋,
nakakura,現代暗号-岡本龍明,
yuuki.nkhr,Nginx入門,
nakakura,HTML5ガイドブック,
nakakura,JavaScriptパターン,
yuuki.nkhr,Sass＆Compass徹底入門,
yuuki.nkhr,テスト駆動JavaScript,
nakakura,はじめてのNode.js,
yuuki.nkhr,TwitterAPIプログラミング,
nakakura,CiscoIPv6ネットワーク実装ガイド,
nakakura,LoadBalancing,
nakakura,HowGoogleWorks,
yuuki.nkhr,IBMのLinux戦略,
nakakura,プレゼンテーションのノウハウ・ドウハウ,
yuuki.nkhr,WebGL＋HTML5,
yuuki.nkhr,HTML5による物理シュミレーション,
nakakura,ソフトウェア最前線,
yuuki.nkhr,AngularJSリファレンス,
nakakura,ずっと受けたかったソフトウェアエンジニアリングの新人研修2,
yuuki.nkhr,使いこなすGNUPLOT,
nakakura,ずっと受けたかったソフトウェアエンジニアリングの新人研修1,
nakakura,テレビ番組の制作技術,
nakakura,スマートモブズ,
nakakura,ForecastOnInformationTechnologyProductivity,
yuuki.nkhr,UNPvol2,
yuuki.nkhr,C,
nakakura,ネット告発-企業対応マニュアル-,
yuuki.nkhr,Cシステムプログラミング入門,
yuuki.nkhr,UNPvol1,
nakakura,JavaプログラマSJC-P,
nakakura,JavaプログラマのためのScalaプログラミング,
yuuki.nkhr,ワイヤレスブロードバンド教科書　高速IPワイヤレス編,
nakakura,PHPエンジニア養成読本,
nakakura,理科系のためのかならず書ける英語論文,
nakakura,Chef活用ガイド,
yuuki.nkhr,ワイヤレスブロードバンド教科書　高速IPワイヤレス編2,
nakakura,満員電車にサヨナラする方法,
nakakura,VisualC#やりたいこと,
yuuki.nkhr,パケットキャプチャ実践技術　Wiresharkによるパケット解析応用編,
nakakura,AndroidUIパーツ,
yuuki.nkhr,WorldPressプラグイン100選,
nakakura,基本から分かるExelVBA,
yuuki.nkhr,フロントエンドエンジニア養成読本,
yuuki.nkhr,Wordpressの教科書2,
nakakura,WindowsMac両対応コマンド大事典,
yuuki.nkhr,サーバ負荷分散入門,
yuuki.nkhr,Javascript　Ninjaの極意　ライブラリ開発のための知識とコーディング,
yuuki.nkhr,詳解Objective-C2.0,
yuuki.nkhr,作ればわかるAndroidプログラミング,
yuuki.nkhr,効率的なWebアプリケーションの作り方,
yuuki.nkhr,プレファクタリング,
yuuki.nkhr,ジオモバイルプログラミング,
nakakura,JavaScriptライブラリ活用レシピ集,
yuuki.nkhr,GISで空間分析,
yuuki.nkhr,FirefoxOS,
nakakura,C言語が5日でわかる本,
nakakura,HTML超入門,
yuuki.nkhr,エレメンタルデザインパターン,
nakakura,HTML5&CSS3クイックリファレンス,
yuuki.nkhr,徹底解説HTML5　APIガイドブック　コミュニケーション系API編,
nakakura,JavaScriptポケットリファレンス,
nakakura,Git逆引き入門,
yuuki.nkhr,アジャイルソフトウェア開発の奥義,
nakakura,時間と場所にとらわれない新しい働き方,
yuuki.nkhr,HTML5&API入門,
nakakura,PMP試験対策テキスト,
nakakura,zshの本,
yuuki.nkhr,アルゴリズム設計マニュアル下,
yuuki.nkhr,SQLアンチパターン,
nakakura,PHP公式資格教科書1,
yuuki.nkhr,プログラミングScala,
nakakura,PHP公式資格教科書2,
yuuki.nkhr,HBase,
nakakura,安全なWebアプリケーションの作り方,katsura
yuuki.nkhr,実践パケット解析Wiresharkを使ったトラブルシューティング,
nakakura,チーム開発実践入門,
yuuki.nkhr,AngularJsアプリケーション開発ガイド,
yuuki.nkhr,Javascript:TheGoodParts,
nakakura,PHP逆引きレシピ,
yuuki.nkhr,JavascriptWebApplications,
nakakura,パーフェクトPHP,
nakakura,JUnit実践入門,
yuuki.nkhr,Javascript　TheDefinitiveGuide,
yuuki.nkhr,初めてのPerl,
nakakura,Jenkins実践入門,
nakakura,現代暗号理論,
nakakura,Chef実践入門,
nakakura,Zabbix統合監視徹底活用,
yuuki.nkhr,Javascript第六版,
nakakura,Zabbix統合監視実践入門,
yuuki.nkhr,初めてのPython,
nakakura,はじめてのPMBOK,
yuuki.nkhr,Python入門,
nakakura,IPv6エッセンシャルズ,
nakakura,BinaryHacks,
nakakura,DebugHacks,
nakakura,リバースエンジニアリング,
nakakura,デコンパイリングJava,
yuuki.nkhr,アンダースタンディングコンピュテーション,
nakakura,Webを支える技術,
nakakura,iOS/Android対応HTML5ハイブリッドアプリ開発実践入門,
yuuki.nkhr,実践Vagrant,
nakakura,APIデザインの極意,
nakakura,JunosCookbook,
yuuki.nkhr,Javascript:TheGoodParts日本語版,
nakakura,ディシプリンド・アジャイル・デリバリー,
nakakura,ハイパフォーマンスブラウザネットワーキング,
yuuki.nkhr,実践SeleniumDriver,iwashi
yuuki.nkhr,ハイパフォーマンスWebサイト,
nakakura,メンテナブルJavaScript,
nakakura,テスタブルJavaScript,
yuuki.nkhr,初めてのPHP5,
nakakura,モダンWeb,
yuuki.nkhr,ステートフルJavascript,
nakakura,Jenkins-OReilly,
yuuki.nkhr,TypeScriptリファレンス,
nakakura,開発者のためのChromeガイドブック1,
nakakura,開発者のためのChromeガイドブック2,
nakakura,これから論文を書く若者のために,nakakura
iwashi,NGN時代のIP電話標準テキスト,
yusuke.naka,ハッカーと画家　コンピュータ時代の創造者たち,
yusuke.naka,OpenSSH実践入門,
yusuke.naka,TypeScriptネットワークプログラミング,
yusuke.naka,改訂版FuelPHP入門,
iwashi,FuelPHP入門,
nakakura,iPadAir-Double1,
nakakura,Double-Nemesis,
nakakura,Double-Kenmoku,
nakakura,iPadAir-Double-Kenmoku,rotsuya
nakakura,,
nakakura,%E3%80%90%E9%85%8D%E4%BF%A1%E6%A9%9F%E6%9D%90-%E3%83%93%E3%83%87%E3%82%AA%E3%80%91iVIS_HF_G20_(A),mizuman
nakakura,【配信機材-ビデオ】iVIS HF G20_A,
nakakura,【配信機材-ビデオ】iVIS HF G20_B,
nakakura,【配信機材-三脚】さっくる三脚,
nakakura,【配信機材-三脚】PolePod2_A,
nakakura,【配信機材-三脚】PolePod2_B,
nakakura,【配信機材-その他】HDMI_repeater,
nakakura,【配信機材-ケーブル】HDMIケーブル TypeC->TypeA #2,
mizuman,【キャリアー】黒カバン横 Rolling Tote,
mizuman,【キャリアー】黒カバン縦 Overnighter,
mizuman,【配信機材-ケーブル】HDMIケーブル TypeC->TypeA #1,
iwashi,Serverspec,
iwashi,Webエンジニアが知っておきたいインフラの基本〜インフラの設計から構成、監視、チューニングまで〜,mizuman
yuuki.nkhr,ウインドシンセ-EWI5000,
yuuki.nkhr,NETGEARブロードバンドルータ,
yusuke.naka,asus-zenbook-prime,
sho,Ciscoはんぺんセット,
sho,IODATAルータ,
yusuke.naka,nexus5（小室G）1,tsu.takahashi
yusuke.naka,nexus5（小室G）2,
sho,55インチテレビ,
sho,広角USBカメラ#1,
yusuke.naka,BOSEスピーカー1,
yusuke.naka,BOSEスピーカー2,
mizuman,【配信機材-スイッチャー】LiveWedge,
mizuman,【配信機材-配信機器】LiveShell Pro,
yusuke.naka,VAIO-PC,
rotsuya,受話器型ハンドセット1,
rotsuya,受話器型ハンドセット2,
mizuman,攻殻機動隊DVD（中蔵さん）,
nakakura,PrototypingLab,
nakakura,Arduinoをはじめよう,
yusuke.naka,エバンジェリストの仕事術,rotsuya
nakakura,arduino-uno,
nakakura,電圧テスター,
nakakura,iPhone/iPad/iPodtouchプログラミングバイブル,
yusuke.naka,NECルータ,
yusuke.naka,NECイーサネットコンバーター,
iwashi,ハイパフォーマンスブラウザネットワーキング2冊目,nakakura
iwashi,ハイパフォーマンスブラウザネットワーキング3冊目,
iwashi,入門React,
iwashi,マイクロソフトを辞めて、オフィスのない会社で働いてみた,
iwashi,アート・オブ・プロジェクトマネジメント,
iwashi,Webエンジニアのためのデータベース技術[実践]入門,tsu.takahashi
iwashi,過負荷に耐えるWebの作り方,
iwashi,リーダブルコード,
iwashi,モダンC言語プログラミング,
iwashi,WebRTCブラウザベースのP2P技術,
iwashi,プログラミングコンテスト攻略のためのアルゴリズムとデータ構造,
iwashi,オンラインジャッジではじめるC/C++プログラミング入門,
iwashi,Webエンジニアの教科書,
iwashi,スクラム実践入門,
sho,Xiルータ-山村,
sho,大津谷,
sho,PS4コントローラ1,
sho,PS4コントローラ2,
sho,PS4コントローラ3,
sho,PS4コントローラ4,
rotsuya,USBカメラ#1,
ewan,MacBookAir(3476),alaniida
yuuki.nkhr,しょぼいプロジェクタ,
mizuman,【配信機材-ケーブル】HDMIケーブル TypeA 5m,
mizuman,USB延長ケーブル#1,
yusuke.naka,【開発デモ用】 Nexus6_1 （ブルー） ＊専用ACアダプターとセットで利用すること,hkato
yusuke.naka,【開発デモ用】 Nexus6_2 （ホワイト） ＊専用ACアダプターとセットで利用すること,tsu.takahashi
iwashi,TeamGeek,
iwashi,プログラマのための論理パズル,
iwashi,webapi the good parts,
iwashi,ユーザ中心ウェブビジネス戦略,
iwashi,Amazon Web Services パターン別構築・運用ガイド,
iwashi,シェルプログラミング実用テクニック,
iwashi,ネットワーク仮想化,
iwashi,ブレイクスルーJavaScript,
iwashi,MariaDB&MySQL多機能バイブル,
iwashi,正規表現技術入門,
iwashi,理論から学ぶデータベース実践入門,
iwashi,SQL実践入門,
yusuke.naka,Laravelエキスパート養成読本,
iwashi,ウェブオペレーション,
yusuke.naka,サーバ／インフラエンジニア養成読本（ログ収集／可視化編）,
yusuke.naka,サーバ／インフラエンジニア養成読本（管理／監視編）,
sakkuru,hueセット,
yusuke.naka,MacBookAir（パンくんのやつ）,tsu.takahashi
yusuke.naka,バッファローUSB充電器１（BSMPA09BK）,rotsuya
yusuke.naka,バッファローUSB充電器２（BSMPA09BK）,
yusuke.naka,バッファローUSB充電器３（BSMPA09BK）,
iwashi,Cloudn活用ガイド,
iwashi,Dockerエキスパート養成読本,
iwashi,マスタリングTCP/IP_RTP編,
iwashi,マスタリングTCP/IP_SSL/TLS編,
ewan,Developing Web Components（英語）,
ewan,Javascript & JQuery Interactive front-end web development（英語）,
ewan,CSS Animations and Transitions（英語）,
ewan,フラットデザインで考える新しいUIデザインのセオリー,
sho,USBSuperDrive,
iwashi,暗号技術入門第3版_秘密の国のアリス,
alaniida,Professional XMPP: Programming with JavaScript and jQuery,
alaniida,XMPP: The Definitive Guide,
yusuke.naka,ICD-UX544F（ICレコーダー）,yusuke.naka
rotsuya,ICD-UX543F（ICレコーダー）,rotsuya
rotsuya,USB延長ケーブル#2,
iwashi,エリック・エヴァンスのドメイン駆動設計_ソフトウェアの核心にある複雑さに立ち向かう,
iwashi,基礎からわかるGo言語_改訂2版,hkato
nakakura,ディープラーニング、ビッグデータ、機械学習,nakakura
nakakura,深層学習,nakakura
sho,Romo-1,
sho,Romo-2,
sho,Romo-3,
sho,Romo-4,
sho,iPodBlue-1,yusuke.naka
sho,iPodBlue-2,
sho,iPodBlue-3,
sho,iPodPink-1,
sho,iPodPink-2,hkato
sho,iPodPink-3,
sho,iPhone5s-1,tsu.takahashi
sho,iPhone6s-1,hkato
rotsuya,USBヘッドセット1-Plantronics-Blackwire-520,rotsuya
rotsuya,USBヘッドセット2-Plantronics-Blackwire-520,yusuke.naka
rotsuya,USBヘッドセット3-Plantronics-Blackwire-520,
rotsuya,USBヘッドセット4-Plantronics-Blackwire-520,
rotsuya,カンファレンスマイク-YAMAHA-1,
rotsuya,カンファレンスマイク-YAMAHA-2,
rotsuya,カンファレンスマイク-NEC,
rotsuya,カンファレンスマイク-JABRA,rotsuya
iwashi,Docker実践入門,tsu.takahashi
mizuman,小さなチーム、大きな仕事[完全版]37シグナルズ成功の法則,
yuuki.nkhr,MacBookAir13inch(DENSOシール),mizuman
yuuki.nkhr,MacBookPro15inch(BC025シール),
yusuke.naka,eneloop_charger_1,
yusuke.naka,eneloop_charger_2,
katsura,eneloop_単3_AA_1,
katsura,eneloop_単3_AA_2,
katsura,eneloop_単3_AA_3,
katsura,eneloop_単3_AA_4,
katsura,eneloop_単3_AA_5,
katsura,eneloop_単3_AA_6,hkato
katsura,eneloop_単3_AA_7,
katsura,eneloop_単3_AA_8,rotsuya
katsura,eneloop_単3_AA_9,rotsuya
katsura,eneloop_単3_AA_10,rotsuya
katsura,eneloop_単3_AA_11,
katsura,eneloop_単3_AA_12,
katsura,eneloop_単3_AA_13,rotsuya
katsura,eneloop_単3_AA_14,yusuke.naka
katsura,eneloop_単3_AA_15,yusuke.naka
katsura,eneloop_単3_AA_16,
katsura,eneloop_単3_AA_17,
katsura,eneloop_単3_AA_18,
katsura,eneloop_単3_AA_19,hkato
katsura,eneloop_単3_AA_20,
katsura,eneloop_単3_AA_21,
katsura,eneloop_単3_AA_22,
katsura,eneloop_単3_AA_23,
katsura,eneloop_単3_AA_24,
katsura,eneloop_単3_AA_25,
katsura,eneloop_単3_AA_26,
katsura,eneloop_単3_AA_27,
katsura,eneloop_単3_AA_28,
katsura,eneloop_単3_AA_29,
katsura,eneloop_単3_AA_30,
katsura,eneloop_単3_AA_31,
katsura,eneloop_単3_AA_32,
sho,Xiルータ-カエル,
hkato,広角USBカメラ#3,
yusuke.naka,はじめての社内企業,yusuke.naka
yusuke.naka,WiFi-AP（buffalo）,
yusuke.naka,WiFi-AP（IODATA2）,
yusuke.naka,WiFi-AP（IODATA1）,
nakakura,NetGearスイッチ1-グレー,nakakura
nakakura,mizuman,mizuman
nakakura,yoshida,
nakakura,sho,
ewan,:imadenkhr:,ewan
ewan,:rocky:,hkato
yusuke.naka,Galaxy-Nexus(VisualNavi仕様),
yusuke.naka,Surface_Pro_3_Win10,yusuke.naka
nakakura,notepc-galleria,nakakura
ewan,UDX_カードキー_1,tsu.takahashi
ewan,UDX_カードキー_2,alaniida
mizuman,【配信機材-コンバータ】UltraStudioMiniRecorder,
nakakura,NetGearスイッチ2-グレー,
nakakura,NetGearスイッチ3-グレー,
nakakura,NetGearスイッチ4-グレー,
iwashi,たのしいインフラの歩き方,
iwashi,エンジニアとして世界の最前線で働く選択肢,hkato
nakakura,ドライバーキット-8本,
sakkuru,acer-laptop-PC,
sho,D3.js徹底入門,
tsu.takahashi,変圧器-100W,
tsu.takahashi,海外用電源タップ(2-socket+USBx2)-1,
tsu.takahashi,海外用電源タップ(2-socket+USBx2)-2,
hkato,Surfaceドッキングステーション,yusuke.naka
rotsuya,関数プログラミング実践入門,iwashi
nakakura,プログラミングの基礎,
iwashi,APIデザインケーススタディ,nakakura
iwashi,Seleniumデザインパターン＆ベストプラクティス,iwashi
hkato,Swift/iOSアプリ開発入門,
iwashi,システムテスト自動化標準ガイド,
iwashi,実践アジャイルテスト-テスターとアジャイルチームのための実践ガイド,
sho,詳解Swift,
sho,IODataスイッチングハブ-1,
sho,IODataスイッチングハブ-2,
sho,IODataスイッチングハブ-3,
sho,IODataスイッチングハブ-4,
sho,IODataスイッチングハブ-5,
hkato,良いAndroidアプリを作る139の鉄則,hkato
hkato,作ればわかる！Androidプログラミング第3版,
iwashi,Developer’sCode本物のプログラマがしていること,
iwashi,絵で見て分かるOS/ストレージ/ネットワーク,
iwashi,絵で見て分かるシステムパフォーマンスの仕組み,
iwashi,ルータ自作でわかるパケットの流れ,
iwashi,リモートチームでうまくいく,
iwashi,新エバンジェリスト養成講座,rotsuya
iwashi,ITインフラ監視[実践]入門,
iwashi,nginx実践入門,
iwashi,この1冊でよくわかるソフトウェアテストの教科書-品質を決定づけるテスト工程の基本と実践,
iwashi,JS+Node.jsによるWebクローラー/ネットエージェント開発テクニック,
rotsuya,JavaScript_The_Good_Parts.pdf(afp://115.69.229.20/webcore/share/ebook/),
rotsuya,JavaScript第6版.pdf(afp://115.69.229.20/webcore/share/ebook/),
rotsuya,Node.js入門.pdf(afp://115.69.229.20/webcore/share/ebook/),
rotsuya,Node.jsプログラミングガイド.pdf(afp://115.69.229.20/webcore/share/ebook/),
rotsuya,Running_Lean.pdf(afp://115.69.229.20/webcore/share/ebook/),
rotsuya,Sencha_Touchパーフェクトガイド.pdf(afp://115.69.229.20/webcore/share/ebook/),
rotsuya,徹底解説HTML5_APIガイドブック_コミュニケーション系API編.pdf(afp://115.69.229.20/webcore/share/ebook/),
rotsuya,テスト駆動JavaScript.pdf(afp://115.69.229.20/webcore/share/ebook/),
rotsuya,ステートフルJavaScript.pdf(afp://115.69.229.20/webcore/share/ebook/),
rotsuya,ゼロ・トゥ・ワン.pdf(afp://115.69.229.20/webcore/share/ebook/),
rotsuya,リーダブルコード.pdf(afp://115.69.229.20/webcore/share/ebook/),
rotsuya,リーン・スタートアップ.pdf(afp://115.69.229.20/webcore/share/ebook/),
rotsuya,イノベーション・オブ・ライフ.pdf(afp://115.69.229.20/webcore/share/ebook/),
rotsuya,ハイパフォーマンスブラウザネットワーキング.pdf(afp://115.69.229.20/webcore/share/ebook/),
iwashi,はじめてのOSコードリーディング_UNIX_V6で学ぶカーネルのしくみ,
nakakura,PS4コントローラ5,
nakakura,PS4コントローラ6,
nakakura,PS4コントローラ7,
nakakura,PS4コントローラ8,
nakakura,スーツケース-proteca,
iwashi,DevOpsを支えるHashiCorpツール大全,
iwashi,サーバ/インフラエンジニア養成読本DevOps編,
iwashi,AWSエキスパート養成読本,
iwashi,Go言語によるWebアプリケーション開発,
iwashi,"ハロー”Hello,World",
iwashi,スクラム現場ガイド,
iwashi,Selenium実践入門_自動化による継続的なブラウザテスト,iwashi
iwashi,基礎からわかるTCP/IPネットワークコンピューティング入門,
iwashi,なぜ人と組織は変われないのか,
iwashi,プレゼンを100%成功させるITエンジニアの英語,nakakura
iwashi,IT系のわかるようなわからないような英語のお話,
iwashi,絵で見てわかるクラウドインフラとAPIの仕組み,
iwashi,ワーク・ルールズ！,
iwashi,入門組織開発,
iwashi,マイクロサービスアーキテクチャ,
iwashi,学習する組織,
iwashi,Redis入門,yi
iwashi,組織パターン,
iwashi,レガシーコード改善ガイド,iwashi
iwashi,FEARLESS_CHAGNE_アジャイルに効くアイデアを組織に広めるための48のパターン,
iwashi,インターネットのかたち,
iwashi,日産_驚異の会議,
iwashi,あなたのチームは機能してますか？,
iwashi,チームが機能するとはどういうことか,rotsuya
iwashi,アメリカ海軍に学ぶ「最強のチーム」のつくり方,
iwashi,すべての組織は変えられる,
iwashi,theDevOps逆転だ！,
iwashi,IT現場を強くする究極のチームビルディング,
iwashi,ソフトウェアテスト技法,
rotsuya,7つの習慣.pdf(afp://115.69.229.20/webcore/share/ebook/),
rotsuya,MAKERS.pdf(afp://115.69.229.20/webcore/share/ebook/),
rotsuya,MBAクリティカル・シンキング.pdf(afp://115.69.229.20/webcore/share/ebook/),
rotsuya,MBAマネジメント・ブック.pdf(afp://115.69.229.20/webcore/share/ebook/),
rotsuya,MBAリーダーシップ.pdf(afp://115.69.229.20/webcore/share/ebook/),
rotsuya,MBA経営戦略.pdf(afp://115.69.229.20/webcore/share/ebook/),
rotsuya,MBA人材マネジメント.pdf(afp://115.69.229.20/webcore/share/ebook/),
rotsuya,SEを極める50の鉄則.pdf(afp://115.69.229.20/webcore/share/ebook/),
rotsuya,イノベーションのジレンマ.pdf(afp://115.69.229.20/webcore/share/ebook/),
rotsuya,キャズム.pdf(afp://115.69.229.20/webcore/share/ebook/),
rotsuya,ジョイ・オブ・ワーク.pdf(afp://115.69.229.20/webcore/share/ebook/),
rotsuya,パーフェクトJavaScript.pdf(afp://115.69.229.20/webcore/share/ebook/),
rotsuya,ハイコンセプト.pdf(afp://115.69.229.20/webcore/share/ebook/),
rotsuya,ピープルウェア.pdf(afp://115.69.229.20/webcore/share/ebook/),
rotsuya,ブルー・オーシャン戦略.pdf(afp://115.69.229.20/webcore/share/ebook/),
rotsuya,プロジェクトはなぜ失敗するのか.pdf(afp://115.69.229.20/webcore/share/ebook/),
rotsuya,モチベーション3.0.pdf(afp://115.69.229.20/webcore/share/ebook/),
rotsuya,ゆとりの法則.pdf(afp://115.69.229.20/webcore/share/ebook/),
rotsuya,熊とワルツを.pdf(afp://115.69.229.20/webcore/share/ebook/),
rotsuya,佐藤可士和の超整理術.pdf(afp://115.69.229.20/webcore/share/ebook/),
rotsuya,社員をサーフィンに行かせよう.pdf(afp://115.69.229.20/webcore/share/ebook/),
rotsuya,人月の神話.pdf(afp://115.69.229.20/webcore/share/ebook/),
rotsuya,誰のためのデザイン.pdf(afp://115.69.229.20/webcore/share/ebook/),
rotsuya,未来のモノのデザイン.pdf(afp://115.69.229.20/webcore/share/ebook/),
rotsuya,Team_Geek.pdf(afp://115.69.229.20/webcore/share/ebook/),
rotsuya,ハッカーと画家.pdf(afp://115.69.229.20/webcore/share/ebook/),
rotsuya,続・ハイパフォーマンスWebサイト.pdf(afp://115.69.229.20/webcore/share/ebook/),
rotsuya,サーバ／インフラエンジニア養成読本_DevOps編_巻頭企画_DevOpsとInfrastructure_as_Codeの概要.pdf(afp://115.69.229.20/webcore/share/ebook/),
iwashi,パーフェクトJava(第1版),
iwashi,ApacheMaven3クックブック,iwashi
hkato,詳解objective-C2.0(afp://115.69.229.20/webcore/share/ebook/),
rotsuya,MBAマーケティング[新版].pdf(afp://115.69.229.20/webcore/share/ebook/),
rotsuya,アイデアのつくり方.pdf(afp://115.69.229.20/webcore/share/ebook/),
rotsuya,ノンデザイナーズ・デザインブック_フルカラー新装増補版.pdf(afp://115.69.229.20/webcore/share/ebook/),
rotsuya,ハイパフォーマンスWebサイト.pdf(afp://115.69.229.20/webcore/share/ebook/),
rotsuya,プレゼンテーションのノウハウ・ドゥハウ.pdf(afp://115.69.229.20/webcore/share/ebook/),
rotsuya,プロダクトマネジャーの教科書.pdf(afp://115.69.229.20/webcore/share/ebook/),
rotsuya,ポジショニング戦略.pdf(afp://115.69.229.20/webcore/share/ebook/),
rotsuya,やさしいデザインの教科書.pdf(afp://115.69.229.20/webcore/share/ebook/),
rotsuya,ユーザ中心ウェブビジネス戦略.pdf(afp://115.69.229.20/webcore/share/ebook/),
rotsuya,強いチームはオフィスを捨てる.pdf(afp://115.69.229.20/webcore/share/ebook/),
rotsuya,小さなチーム大きな仕事_完全版.pdf(afp://115.69.229.20/webcore/share/ebook/),
rotsuya,ピクト図解.pdf(afp://115.69.229.20/webcore/share/ebook/),
rotsuya,R25のつくりかた.pdf(afp://115.69.229.20/webcore/share/ebook/),
rotsuya,コトラーのマーケティング・コンセプト.pdf(afp://115.69.229.20/webcore/share/ebook/),
rotsuya,ソフトウェア開発のダイナミズム.pdf(afp://115.69.229.20/webcore/share/ebook/),
rotsuya,ヒット率99の超理論.pdf(afp://115.69.229.20/webcore/share/ebook/),
rotsuya,フリー.pdf(afp://115.69.229.20/webcore/share/ebook/),
rotsuya,透明人間の買いもの.pdf(afp://115.69.229.20/webcore/share/ebook/),
rotsuya,コトラー＆ケラーのマーケティング・マネジメント基本編.pdf(afp://115.69.229.20/webcore/share/ebook/),
rotsuya,TCP/IPの絵本.pdf(afp://115.69.229.20/webcore/share/ebook/),
rotsuya,絵で見てわかるITインフラの仕組み.pdf(afp://115.69.229.20/webcore/share/ebook/),
rotsuya,貧乏はお金持ち.pdf(afp://115.69.229.20/webcore/share/ebook/),
hkato,ネットワークはなぜつながるのか,
hkato,AWSクラウドデザインパターン実践ガイド,
hkato,AWSクラウドデザインパターン設計ガイド,
hkato,44のアンチパターンに学ぶDBシステム.pdf(afp://115.69.229.20/webcore/share/ebook/),
iwashi,SIP詳細テキスト.pdf(afp://115.69.229.20/webcore/share/ebook),
mizuman,ゼロ秒思考,
mizuman,初めてのAnsible-OReilly,
tsu.takahashi,Romo-デモ機,
mizuman,101デザインメソッド,
mizuman,AmazonWebServicesクラウドネイティヴ・アプリケーション開発技法,
mizuman,UX戦略-OReilly,mizuman
mizuman,Web業界受注契約の教科書,
mizuman,コーディングを支える技術〜成り立ちから学ぶプログラミング作法〜,
mizuman,ストラテジック・イノベーション〜戦略的イノベーションに捧げる10の提言〜,
mizuman,パーフェクトJava(改訂2版),
mizuman,ブラウザハック〜Webブラウザからの攻撃手法とその防御法総覧〜,
mizuman,失敗学（図解雑学）,
mizuman,実践サイバーセキュリティモニタリング,
mizuman,VAIO-PC#2,
mizuman,リバースエンジニアリングバイブル〜コード再創造の美学〜,
mizuman,バリュー・プロポジション・デザイン〜顧客が欲しがる製品やサービスを創る〜,
mizuman,失敗学（最新図解）,
mizuman,10年戦えるデータ分析入門,
hkato,入門Androidアプリケーションテスト,
nakakura,エンジニアのための時間管理術,nakakura
rotsuya,Galaxy-Nexus(大津谷放出),
yusuke.naka,Sota#1,yusuke.naka
yusuke.naka,Sota#2,mizuman
mizuman,外付けDVDプレイヤー,
hkato,SOFT SKILLS ソフトウェア開発者の人生マニュアル,
rotsuya,プレゼンテーションZEN-紙の本,
rotsuya,プレゼンテーションZENデザイン.pdf(afp://115.69.229.20/webcore/share/ebook/),
rotsuya,プレゼンテーションZEN.pdf(afp://115.69.229.20/webcore/share/ebook/),
rotsuya,プレゼンテーションZEN-付属DVD.mp4(afp://115.69.229.20/webcore/share/ebook/),
yusuke.naka,マスタリングTCP/IP_RTP編_2,
yusuke.naka,弁護士が書いた究極の文章術ー誤解なく読み手に伝える書き方ヒント28ー,yusuke.naka
yusuke.naka,弁護士が書いた究極の文章術ービジネスに活かす大人の読書論ー,
yusuke.naka,新しい文章力の教室,
yusuke.naka,入門考える技術・書く技術ー日本人のロジカルシンキング実践法ー,
nakakura,usb-c-dock-silver,nakakura
nakakura,usb-c-dock-gray,
yusuke.naka,カンファレンスマイク-JABRA-2,yusuke.naka
yusuke.naka,Bluetoothヘッドセッド-JABRA-STEALTH,yusuke.naka
mizuman,MacBookPro（しょーちゃんのやつ）,
rotsuya,モバイルプロジェクタ+Manfrotto三脚(マニュアル=http://www.addtron.jp/file/QumiQ6UM_Fromcdrom.pdf),rotsuya
yusuke.naka,USBカメラC270#1,
yusuke.naka,USBカメラC615#1,yusuke.naka
yusuke.naka,Thunderbolt変換アダプタ（DVI/HDMI/VGA）#1,
yusuke.naka,Thunderbolt変換アダプタ（DVI/HDMI/VGA）#2,
iwashi,世界で闘うプロダクトマネジャーになるための本,
rotsuya,ピクサー流_創造するちから.pdf(afp://115.69.229.20/webcore/share/ebook/),
hkato,アジャイルサムライ達人開発者への道.pdf(afp://115.69.229.20/webcore/share/ebook/),
rotsuya,カンファレンスマイク-YAMAHA-▲,
rotsuya,カンファレンスマイク-YAMAHA-▲の新しい方,
sakkuru,MacBookAir11inch(htmldayシール),
nakakura,ポートとソケットがわかればインターネットがわかる,
sakkuru,Magic Keyboard,
sakkuru,Magic Mouse 2,
mizuman,ポートとソケットがわかればインターネットがわかる――TCP/IP・ネットワーク技術を学びたいあなたのために,
mizuman,デザインスプリント―プロダクトを成功に導く短期集中実践ガイド,
hkato,UDX_カードキー_3(共通用),hkato
sakkuru,MacBookAir11inch(カエルのシール),
yusuke.naka,USBカメラQuickCamPro9000,
iwashi,チーム・ファシリテーション〜最強の組織をつくる12のステップ,
iwashi,スターティングGo言語,
iwashi,Swift実践入門,
iwashi,オブジェクト指向設計実践ガイド,
iwashi,みんなのGo言語,
hkato,詳解Swift第3版,hkato
nakakura,イノベーションのアイデアを生み出す七つの法則,rotsuya
nakakura,データを正しく見るための数学的思考,nakakura
nakakura,HIGH OUTPUT MANAGEMENT(ハイアウトプット マネジメント) 人を育て、成果を最大にするマネジメント,mizuman
nakakura,世界で戦うプログラミング力を鍛える本,
nakakura,コンピュータで脳がつくれるか,
nakakura,人工知能は人間を超えるか,
nakakura,人と企業はどこで間違えるのか,
mizuman,"Joy,Inc. ジョイ・インク 役職も部署もない全員主役のマネジメント",
mizuman,DREAM WORKPLACE(ドリーム・ワークプレイス)――だれもが「最高の自分」になれる組織をつくる,mizuman
mizuman,詳解 システム・パフォーマンス,iwashi
nakakura,1年で全米記憶力チャンピオンになれた理由,
nakakura,コンピューターで脳がつくれるか,
yusuke.naka,ウェブカム_Logicool_BRIO_C1000e_1,yusuke.naka
rotsuya,ピクサー流_創造するちから.pdf(afp://115.69.229.20/webcore/share/ebook/),
rotsuya,銀座ママ麗子_マネジメントは自己実現.pdf,
rotsuya,銀座ママ麗子_営業はエンタメ.pdf(afp://115.69.229.20/webcore/share/ebook/),
rotsuya,銀座ママ麗子_販売促進はおもてなし.pdf(afp://115.69.229.20/webcore/share/ebook/),
rotsuya,銀座ママ麗子_ブランドは遊び心.pdf(afp://115.69.229.20/webcore/share/ebook/),
mizuman,わか（った気にな）るWebRTC,yi
rotsuya,HowGoogleWorks.pdf(afp://115.69.229.20/webcore/share/ebook/),
rotsuya,ワーク・ルールズ！.pdf(afp://115.69.229.20/webcore/share/ebook/),
iwashi,Azureテクノロジ入門2016,
iwashi,InfrastructureAsCodeクラウドにおけるサーバ管理の原則とプラクティス,iwashi
iwashi,関数型プログラミングの基礎JavaScriptを使って学ぶ,iwashi
katsura,ネットワーク機器入門,
katsura,Scalaスケーラブルプログラミング,
katsura,レスポンシブEメールデザイン,
katsura,レスポンシブWebデザイン,
katsura,Ansible徹底入門,
iwashi,わか（った気にな）るWebRTC(afp://115.69.229.20/webcore/share/ebook/わか(った気になる)WebRTC.pdf),
iwashi,MPEG4入門,
iwashi,EffectivePython,
nakakura,データサイエンス講義,
nakakura,アジャイルコーチング,
nakakura,Infrastructure as Code,
nakakura,ブロックチェーン仕組みと理論,
iwashi,Pythonの教科書,
iwashi,UNIXシェルスクリプトマスターピース132,
iwashi,UNIXシェル,
nakakura,その理屈証明できますか,
iwashi,ZEROBUGSシリコンバレープログラマの教え,
iwashi,なっとく！アルゴリズム,iwashi
iwashi,CakePHP3入門,
iwashi,Webフロントエンドハイパフォーマンスチューニング,
iwashi,基礎からわかるTCP/IP_SIPによるVoIPプログラミング,
iwashi,REAL_WORLD_HTTP_歴史とコードに学ぶインターネットとウェブ技術,
nakakura,アジャイル時代のオブジェクト脳のつくり方,
nakakura,マンガでわかる統計学因子分析編,
nakakura,マンガで分かる統計学入門,
nakakura,マンガで分かる統計学回帰分析編,
nakakura,マンガでやさしくわかる統計学,
nakakura,ネットワークデザインパターン,
nakakura,アルゴリズム&デザインパターン,
nakakura,マンガでわかる統計学,nakakura
rotsuya,フェイスブック_不屈の未来戦略,rotsuya
nakakura,マンガでわかる統計学入門,nakakura
rotsuya,スティーブ・ジョブズ_無謀な男が真のリーダーになるまで_上,rotsuya
rotsuya,スティーブ・ジョブズ_無謀な男が真のリーダーになるまで_下,rotsuya
rotsuya,さあ、才能（じぶん）に目覚めよう,rotsuya
rotsuya,レスポンシブル・カンパニー,rotsuya
rotsuya,新1分間リーダーシップ,rotsuya
rotsuya,戦略立案ハンドブック,rotsuya
rotsuya,HARD_THINGS,rotsuya
mizuman,データ・ドリブン・マーケティング,
mizuman,リクルートのすごい構創力,
mizuman,AirbnbStoryエアビーアンドビーストーリー,
mizuman,ビジネスモデル・マッピング教本,
mizuman,THINK_WILD,
tsu.takahashi,Effective_Modern_C++,
iwashi,マスタリングTCP/IP_SNMP,
tsu.takahashi,Effective_C++,tsu.takahashi
iwashi,知識ゼロから学ぶソフトウェアテスト,
nakakura,プロジェクト・デザイン・パターン,nakakura
mizuman,本物のデータ分析力が身に付く本,
mizuman,未来の年表_人口減少日本でこれから起きること,
nakakura,純粋関数型データ構造,
nakakura,関数型リアクティブプログラミング,iwashi
rotsuya,スティーブ・ジョブズ_上.pdf(afp://115.69.229.20/webcore/share/ebook/),
rotsuya,スティーブ・ジョブズ_下.pdf(afp://115.69.229.20/webcore/share/ebook/),
yusuke.naka,レーザーポインタ-ELP-R20,
nakakura,英語の品格,nakakura
yusuke.naka,外資系エリートのシンプルな伝え方,
yusuke.naka,マイクロソフト伝説マネジャーの世界No1プレゼン術,
